"HHS_region","pathogen2","psi","loglik"
3,"fluA",0,-6665.52490301613
3,"fluA",0.03,-6670.50013211171
3,"fluA",0.06,-6675.52879459618
3,"fluA",0.09,-6680.6104998668
3,"fluA",0.12,-6685.74476288356
3,"fluA",0.15,-6690.93081551575
3,"fluA",0.18,-6696.16824782549
3,"fluA",0.21,-6701.45652495959
3,"fluA",0.24,-6706.79505378151
3,"fluA",0.27,-6712.18325825381
3,"fluA",0.3,-6717.62045663021
