"HHS_region","pathogen2","psi","loglik"
1,"fluA",0.01,-3466.84777077689
1,"fluA",0.04,-3470.88111275697
1,"fluA",0.07,-4168.62920198194
1,"fluA",0.1,-4174.49527440402
1,"fluA",0.13,-3490.20424506996
1,"fluA",0.16,-3493.9856213805
1,"fluA",0.19,-3499.87006478097
1,"fluA",0.22,-3505.79682225606
1,"fluA",0.25,-3511.76529800455
1,"fluA",0.28,-3517.77497333216
