"HHS_region","pathogen2","psi","loglik"
5,"fluA",0,-14526.3836019416
5,"fluA",0.1,-14552.3739560647
5,"fluA",0.2,-14579.4403391092
5,"fluA",0.3,-14607.611042624
5,"fluA",0.4,-14636.907917058
5,"fluA",0.5,-14667.3547971172
5,"fluA",0.6,-14698.9763970292
5,"fluA",0.7,-14731.7962560779
5,"fluA",0.8,-17522.9370382066
5,"fluA",0.9,-14801.1252748932
5,"fluA",1,-17517.3678294541
