"HHS_region","pathogen2","psi","loglik"
3,"fluA",0,-6665.52490301613
3,"fluA",0.1,-6682.31610873518
3,"fluA",0.2,-6699.68816244993
3,"fluA",0.3,-6717.6204570746
3,"fluA",0.4,-6736.09265937994
3,"fluA",0.5,-6755.08598963954
3,"fluA",0.6,-7022.83070040083
3,"fluA",0.7,-6794.56934346773
3,"fluA",0.8,-7062.20704974016
3,"fluA",0.9,-7083.60494312477
3,"fluA",1,-6857.34417928109
