"HHS_region","pathogen2","psi","loglik"
6,"fluA",0,-13869.3779477701
6,"fluA",0.1,-14040.9224938889
6,"fluA",0.2,-14046.866826112
6,"fluA",0.3,-14052.7442683601
6,"fluA",0.4,-14058.5513832394
6,"fluA",0.5,-14064.2835955236
6,"fluA",0.6,-14069.9309145422
6,"fluA",0.7,-14075.4089112586
6,"fluA",0.8,-14080.4481826852
6,"fluA",0.9,-14085.1023888687
6,"fluA",1,-14089.4582732878
