"HHS_region","pathogen2","psi","loglik"
1,"fluA",0,-3463.33689216237
1,"fluA",0.1,-3482.34561828823
1,"fluA",0.2,-3501.84097599724
1,"fluA",0.3,-3521.80405050399
1,"fluA",0.4,-3542.21518576635
1,"fluA",0.5,-3563.05565543208
1,"fluA",0.6,-3584.30767243483
1,"fluA",0.7,-3605.95431508123
1,"fluA",0.8,-3627.97957926765
1,"fluA",0.9,-3650.3687796046
1,"fluA",1,-3673.10854513789
1,"fluA",1.00011212030614e-05,-3463.3387722031
