"HHS_region","pathogen2","psi","loglik"
5,"fluA",0,-14526.3836019416
5,"fluA",0.03,-14534.0703526051
5,"fluA",0.06,-14541.8505518452
5,"fluA",0.09,-14549.7272024602
5,"fluA",0.12,-14557.7000953563
5,"fluA",0.15,-14565.7708352474
5,"fluA",0.18,-14573.9396957271
5,"fluA",0.21,-14582.2074445826
5,"fluA",0.24,-14590.5755291163
5,"fluA",0.27,-14599.0427963942
5,"fluA",0.3,-14607.6111393955
