"HHS_region","pathogen2","psi","loglik"
4,"fluA",0,-11597.8995853396
4,"fluA",0.1,-11593.9747430968
4,"fluA",0.2,-11590.6942588725
4,"fluA",0.3,-11588.1097248931
4,"fluA",0.4,-11586.3495051863
4,"fluA",0.5,-11585.4160375653
4,"fluA",0.6,-11584.5453448957
4,"fluA",0.7,-11584.8199018775
4,"fluA",0.8,-11585.8242189129
4,"fluA",0.9,-11587.5481670381
4,"fluA",1,-11592.1743896739
