"HHS_region","pathogen2","psi","loglik"
6,"fluA",0,-13869.3779477701
6,"fluA",0.03,-13874.0597631341
6,"fluA",0.06,-13878.7709437089
6,"fluA",0.09,-13883.5092853845
6,"fluA",0.12,-14042.1166449925
6,"fluA",0.15,-14043.9028038678
6,"fluA",0.18,-14045.6831961878
6,"fluA",0.21,-14047.4576512131
6,"fluA",0.24,-14049.2260803967
6,"fluA",0.27,-14050.9882803057
6,"fluA",0.3,-14052.7442686806
