"HHS_region","pathogen2","psi","loglik"
7,"fluA",0,-4439.73982342847
7,"fluA",0.1,-4440.56969063787
7,"fluA",0.2,-4441.38371567062
7,"fluA",0.3,-4442.1824372806
7,"fluA",0.4,-4442.96608416839
7,"fluA",0.5,-4443.73481503199
7,"fluA",0.6,-4444.48878980624
7,"fluA",0.7,-4445.22821914549
7,"fluA",0.8,-4445.95330507061
7,"fluA",0.9,-4446.66421321043
7,"fluA",1,-4447.36110870095
