"HHS_region","pathogen2","psi","loglik"
7,"fluA",0,-4439.73982344161
7,"fluA",0.03,-4439.99058985429
7,"fluA",0.06,-4440.2397024578
7,"fluA",0.09,-4440.48742268784
