"HHS_region","pathogen2","psi","loglik"
9,"fluB",0.155632494318552,-6490.19425932535
9,"fluB",0.185632494318552,-6486.2242869182
9,"fluB",0.215632494318552,-6500.49468109283
