"HHS_region","pathogen2","psi","loglik"
7,"fluA",0,-4439.7398234234
7,"fluA",0.1,-4440.56969063283
7,"fluA",0.2,-4372.92481943804
7,"fluA",0.3,-4442.18243728059
7,"fluA",0.4,-4442.96608416729
7,"fluA",0.5,-4443.73481501205
7,"fluA",0.6,-4444.48878980108
7,"fluA",0.7,-4445.22821914342
7,"fluA",0.8,-4445.95330506744
7,"fluA",0.9,-4446.66421320821
7,"fluA",1,-4343.97646017948
7,"fluA",1.00009128173782e-05,-4439.73990749782
