"HHS_region","pathogen2","psi","loglik"
6,"fluA",0,-14034.9141284294
6,"fluA",0.1,-14040.9224948006
6,"fluA",0.2,-14046.866826905
6,"fluA",0.3,-14052.7442681651
6,"fluA",0.4,-14058.5513833476
6,"fluA",0.5,-14064.2835961016
6,"fluA",0.6,-14069.9309139432
6,"fluA",0.7,-14075.4089121146
6,"fluA",0.8,-14080.448183678
6,"fluA",0.9,-14085.1023900051
6,"fluA",1,-14089.4582735255
6,"fluA",1.00008819982609e-05,-14034.9147310279
