"HHS_region","pathogen2","psi","loglik"
3,"fluA",0,-6929.51320539936
3,"fluA",0.1,-6942.6767751388
3,"fluA",0.2,-6956.75400881823
3,"fluA",0.3,-6971.77513871587
3,"fluA",0.4,-6987.7724824297
3,"fluA",0.5,-7004.77953274363
3,"fluA",0.6,-7022.83072294288
3,"fluA",0.7,-7041.96130955767
3,"fluA",0.8,-7062.20705517846
3,"fluA",0.9,-7083.60495611437
3,"fluA",1,-7106.19192237818
3,"fluA",1.00011976173525e-05,-6929.51447438225
