"HHS_region","pathogen2","chi","loglik"
3,"fluA",0.439161230903487,-6938.61210358923
3,"fluA",0.469161230903487,-6963.54626592604
3,"fluA",0.499161230903487,-6714.13820558971
3,"fluA",0.529161230903487,-6680.10701038076
3,"fluA",0.559161230903487,-6667.97999067975
3,"fluA",0.589161230903487,-6665.56974683023
3,"fluA",0.619161230903487,-6669.10000149098
3,"fluA",0.649161230903487,-6678.01011683525
3,"fluA",0.679161230903487,-6692.08056707976
3,"fluA",0.709161230903487,-6711.24839410791
