"HHS_region","pathogen2","psi","loglik"
9,"fluB",0,-6472.38726169872
9,"fluB",0.1,-6484.49548957289
9,"fluB",0.2,-6476.5984059839
9,"fluB",0.3,-6469.20947014922
9,"fluB",0.4,-7141.94640448282
9,"fluB",0.5,-6488.16759379792
9,"fluB",0.6,-6480.0783989727
9,"fluB",0.7,-6486.4272943061
9,"fluB",0.8,-6493.51569707714
9,"fluB",0.9,-6483.76006518202
9,"fluB",1,-6498.64412041272
