"HHS_region","pathogen2","psi","loglik"
5,"fluB",0.71,-3678.43951700911
5,"fluB",0.74,-3481.53295279713
5,"fluB",0.77,-3679.03378040174
5,"fluB",0.8,-3479.79701218952
5,"fluB",0.83,-3478.94831719726
5,"fluB",0.86,-3478.11254357429
5,"fluB",0.89,-3680.21939515599
5,"fluB",0.92,-3476.48003553618
5,"fluB",0.95,-4118.57818850123
5,"fluB",0.98,-4112.24612057872
