"HHS_region","pathogen2","psi","loglik"
2,"fluB",0,-3234.47813771621
2,"fluB",0.1,-3232.72447459774
2,"fluB",0.2,-3230.99121677825
2,"fluB",0.3,-3229.2788367332
2,"fluB",0.4,-3227.58758400888
2,"fluB",0.5,-3225.91801111872
2,"fluB",0.6,-3224.27049740995
2,"fluB",0.7,-3222.64539529205
2,"fluB",0.8,-3221.04326270004
2,"fluB",0.9,-3219.46435030371
2,"fluB",1,-3217.90919011681
2,"fluB",0.999999982918891,-3217.90919037838
