"HHS_region","pathogen2","psi","loglik"
1,"fluB",0,-1368.47231338748
1,"fluB",0.1,-1330.37533200922
1,"fluB",0.2,-1327.40429602357
1,"fluB",0.3,-1335.15798468661
1,"fluB",0.4,-1337.81570888561
1,"fluB",0.5,-1340.66876330885
1,"fluB",0.6,-1392.25642805637
1,"fluB",0.7,-1396.65711589154
1,"fluB",0.8,-1350.5531925134
1,"fluB",0.9,-1405.42212321764
1,"fluB",1,-1409.76469991599
1,"fluB",0.0161268604269604,-1328.5627589007
