HHS_region,pathogen2,chi,loglik
6,fluB,0.45,-4863.107022
6,fluB,0.48,-4862.750205
6,fluB,0.51,-4862.391812
6,fluB,0.57,-4854.556399
6,fluB,0.6,-4861.307377
6,fluB,0.63,-4419.343302
6,fluB,0.66,-4463.514712
6,fluB,0.69,-4514.829919
6,fluB,0.72,-4574.026061
6,fluB,0.75,-4641.910445
6,fluB,0.6,-4861.307377