HHS_region,pathogen2,chi,loglik
10,fluB,0.132664188,-2317.833512
10,fluB,0.162664188,-2313.146895
10,fluB,0.192664188,-2310.778869
10,fluB,0.195,-2311.632
10,fluB,0.222664188,-2313.05549
10,fluB,0.252664188,-2313.296093
10,fluB,0.265328376,-2315.491686