HHS_region,pathogen2,chi,loglik
7,fluB,0.482697793,-2288.249045
7,fluB,0.512697793,-2283.528042
7,fluB,0.542697793,-2268.293949
7,fluB,0.572697793,-2261.431402
7,fluB,0.602697793,-2257.143341
7,fluB,0.632697793,-2255.235678
7,fluB,0.644,-2256.38
7,fluB,0.692697793,-2258.704896
7,fluB,0.722697793,-2373.056548
7,fluB,0.752697793,-2374.649101
7,fluB,0.782697793,-2391.432192