"HHS_region","pathogen2","chi","loglik"
1,"fluB",0,-1480.49884621636
1,"fluB",0.1,-1478.79003568339
1,"fluB",0.2,-1477.20493767566
1,"fluB",0.3,-1475.75951676928
1,"fluB",0.4,-1474.46896396654
1,"fluB",0.5,-1341.11968901777
1,"fluB",0.6,-1329.56265797335
1,"fluB",0.7,-1369.76138667164
1,"fluB",0.8,-1392.97523789182
1,"fluB",0.9,-1441.40360236967
1,"fluB",1,-1491.15871347872
1,"fluB",0.612226350083097,-1322.99030264208
