HHS_region,pathogen2,chi,loglik
5,fluB,0.45,-3711.228298
5,fluB,0.51,-3694.345929
5,fluB,0.54,-3580.007706
5,fluB,0.57,-3481.532827
5,fluB,0.605,-3474.385
5,fluB,0.63,-3676.46175
5,fluB,0.66,-3486.605635
5,fluB,0.69,-3504.789077
5,fluB,0.72,-3532.879519
5,fluB,0.75,-3573.731755