HHS_region,pathogen2,chi,loglik
9,fluB,0.448583713,-6586.620172
9,fluB,0.478583713,-6582.6534
9,fluB,0.508583713,-6579.893146
9,fluB,0.538583713,-6577.790451
9,fluB,0.556,-6490.821
9,fluB,0.568583713,-6576.308198
9,fluB,0.568583713,-6474.539203
9,fluB,0.628583713,-6472.488814
9,fluB,0.658583713,-6459.127172
9,fluB,0.688583713,-6512.5727
9,fluB,0.718583713,-6530.668193
9,fluB,0.718583713,-6620.341334