HHS_region,pathogen2,chi,loglik
1,fluB,0.459169763,-1344.781299
1,fluB,0.489169763,-1334.391316
1,fluB,0.519169763,-1330.898782
1,fluB,0.549169763,-1330.528745
1,fluB,0.579169763,-1330.71405
1,fluB,0.609169763,-1329.013151
1,fluB,0.639169763,-1326.2411
1,fluB,0.669169763,-1337.990104
1,fluB,0.699169763,-1369.659068
1,fluB,0.729169763,-1374.376277
1,fluB,0.759169763,-1380.924897