HHS_region,pathogen2,chi,loglik
3,fluA,0.525,-6683.400608
3,fluA,0.555,-6668.876624
3,fluA,0.586,-6665.527
3,fluA,0.615,-6668.281697
3,fluA,0.645,-6676.462753
3,fluA,0.675,-6689.824491
3,fluA,0.705,-6708.283572
3,fluA,0.735,-6731.908678
3,fluA,0.765,-6760.944811
3,fluA,0.795,-6797.229292
3,fluA,0.825,-6837.370688
3,fluA,0.855,-6886.608653