HHS_region,pathogen2,chi,loglik
7,fluA,0.45,-4459.999884
7,fluA,0.48,-4425.726606
7,fluA,0.51,-4415.956901
7,fluA,0.517,-4097.472
7,fluA,0.54,-4098.610933
7,fluA,0.57,-4103.38769
7,fluA,0.63,-4123.842613
7,fluA,0.66,-4137.8102
7,fluA,0.69,-4155.375652
7,fluA,0.72,-4175.77781
7,fluA,0.75,-4198.936581