HHS_region,pathogen2,chi,loglik
6,fluA,0.525,-14093.66714
6,fluA,0.555,-14088.88087
6,fluA,0.585,-14083.9142
6,fluA,0.615,-14015.32133
6,fluA,0.645,-14005.04137
6,fluA,0.675,-13894.40636
6,fluA,0.705,-13881.34905
6,fluA,0.735,-13873.12761
6,fluA,0.765,-13869.55377
6,fluA,0.773,-13869.38
6,fluA,0.795,-13870.58267
6,fluA,0.825,-14020.90389
6,fluA,0.855,-14073.72998