"HHS_region","pathogen2","chi","loglik"
5,"fluB",0.45,-3711.22829769611
5,"fluB",0.48,-5581.17965114479
5,"fluB",0.51,-3694.34592918184
5,"fluB",0.54,-5580.00770621788
5,"fluB",0.57,-3481.53282698476
5,"fluB",0.6,-3679.52376539837
5,"fluB",0.63,-3676.46175036581
5,"fluB",0.66,-3486.60563468411
5,"fluB",0.69,-3504.78907670956
5,"fluB",0.72,-3532.87951867487
5,"fluB",0.75,-3573.73175519198
5,"fluB",0.6,-3679.52376539837
