"HHS_region","pathogen2","chi","loglik"
6,"fluB",0.45,-4863.10702155332
6,"fluB",0.48,-4862.75020516482
6,"fluB",0.51,-4862.39181232518
6,"fluB",0.54,-4324.53403079723
6,"fluB",0.57,-4854.55639932555
6,"fluB",0.6,-4861.3073771434
6,"fluB",0.63,-4419.34330196623
6,"fluB",0.66,-4463.51471214861
6,"fluB",0.69,-4514.82991926486
6,"fluB",0.72,-4574.02606093527
6,"fluB",0.75,-4641.91044530889
6,"fluB",0.6,-4861.3073771434
