"HHS_region","pathogen2","chi","loglik"
9,"fluB",0.448583713404502,-6586.10265729752
9,"fluB",0.478583713404502,-6582.65339971019
9,"fluB",0.508583713404502,-6579.89314614792
9,"fluB",0.538583713404502,-6577.79045074936
9,"fluB",0.568583713404502,-6576.30819820222
9,"fluB",0.598583713404502,-6454.26803556212
9,"fluB",0.628583713404502,-6472.48881433967
9,"fluB",0.658583713404502,-6459.1271720575
9,"fluB",0.688583713404502,-6512.57269968838
9,"fluB",0.718583713404502,-6530.66819252088
