"HHS_region","pathogen2","chi","loglik"
7,"fluA",0.45,-4459.99988440222
7,"fluA",0.48,-4458.89928697141
7,"fluA",0.51,-4457.80412573037
7,"fluA",0.54,-4456.71308692857
7,"fluA",0.57,-4396.61067061965
7,"fluA",0.6,-4387.03477352045
7,"fluA",0.63,-4377.48861636414
7,"fluA",0.66,-4367.7621403318
7,"fluA",0.69,-4350.20273226786
7,"fluA",0.72,-4175.77780960834
7,"fluA",0.75,-4198.93657849005
