HHS_region,pathogen2,chi,loglik
2,fluA,0.45,-8228.505428
2,fluA,0.48,-8222.921418
2,fluA,0.51,-8215.117
2,fluA,0.54,-8205.440722
2,fluA,0.57,-8195.512204
2,fluA,0.6,-8185.394485
2,fluA,0.66,-8165.633088
2,fluA,0.686,-8161.415
2,fluA,0.69,-8124.866249
2,fluA,0.72,-8134.989842
2,fluA,0.75,-8142.65223