"HHS_region","pathogen2","chi","loglik"
9,"fluA",0,-13624.8744227189
9,"fluA",0.1,-13627.6545668766
9,"fluA",0.2,-11839.1676795155
9,"fluA",0.3,-11582.8325662538
9,"fluA",0.4,-11348.0234165434
9,"fluA",0.5,-11132.1849218038
9,"fluA",0.6,-10933.5494878406
9,"fluA",0.7,-10750.9293235881
9,"fluA",0.8,-10593.4691662835
9,"fluA",0.9,-10873.3998738928
9,"fluA",1,-13043.9790161835
