"HHS_region","pathogen2","chi","loglik"
3,"fluA",0,-7467.85386913261
3,"fluA",0.1,-7294.76504988532
3,"fluA",0.2,-7144.49964392461
3,"fluA",0.3,-7041.22623168561
3,"fluA",0.4,-6931.74160748668
3,"fluA",0.5,-6948.25239658533
3,"fluA",0.6,-6666.2021064331
3,"fluA",0.7,-6704.85211719088
3,"fluA",0.8,-6802.47897889342
3,"fluA",0.9,-6978.69461353258
3,"fluA",1,-8302.74733803272
