HHS_region,pathogen2,psi,loglik
7,fluA,0.01,-4439.82371
7,fluA,0.04,-4440.073772
7,fluA,0.07,-4440.322436
7,fluA,0.1,-4440.569691
7,fluA,0.13,-4440.81549
7,fluA,0.16,-4441.059931
7,fluA,0.19,-4441.303
7,fluA,0.22,-4441.544676
7,fluA,0.25,-4441.784974
7,fluA,0.28,-4442.023906
7,fluA,0.3,-4442.182437
7,fluA,0.4,-4442.966084
7,fluA,0.5,-4443.734815
7,fluA,0.6,-4444.48879
7,fluA,0.7,-4445.228219