HHS_region,pathogen2,chi,loglik
3,fluA,0.439161231,-6938.612095
3,fluA,0.469161231,-6863.546266
3,fluA,0.499161231,-6808.70966
3,fluA,0.529161231,-6767.137242
3,fluA,0.559161231,-6697.37362
3,fluA,0.589161231,-6665.569747
3,fluA,0.619161231,-6669.100001
3,fluA,0.649161231,-6678.010119
3,fluA,0.679161231,-6692.080568
3,fluA,0.709161231,-6711.248394
3,fluA,0.8,-6802.479
3,fluA,0.9,-6978.695