HHS_region,pathogen2,psi,loglik
3,fluA,0.01,-6930.787739
3,fluA,0.04,-6934.669954
3,fluA,0.07,-6938.632811
3,fluA,0.1,-6942.67679
3,fluA,0.13,-6946.802871
3,fluA,0.16,-6951.011746
3,fluA,0.19,-6955.30436
3,fluA,0.22,-6959.681725
3,fluA,0.25,-6964.144676
3,fluA,0.28,-6968.693964
3,fluA,0.3,-6971.775139
3,fluA,0.4,-6987.772482
3,fluA,0.5,-7004.779533
3,fluA,0.6,-7022.830723
3,fluA,0.7,-7041.96131