HHS_region,pathogen2,psi,loglik
4,fluA,0.01,-12691.56046
4,fluA,0.04,-12691.96426
4,fluA,0.07,-12692.36446
4,fluA,0.1,-12692.76121
4,fluA,0.13,-12693.15449
4,fluA,0.16,-12693.54438
4,fluA,0.19,-12693.931
4,fluA,0.22,-12694.31427
4,fluA,0.25,-12694.69417
4,fluA,0.28,-12695.07067
4,fluA,0.3,-12695.31987
4,fluA,0.4,-12696.5431
4,fluA,0.5,-12697.7281
4,fluA,0.6,-12698.87388
4,fluA,0.7,-12699.9798