HHS_region,pathogen2,chi,loglik
5,fluA,0.66,-14664.76172
5,fluA,0.69,-14602.14489
5,fluA,0.72,-14586.31562
5,fluA,0.75,-14533.89959
5,fluA,0.78,-14526.41946
5,fluA,0.81,-14535.9293
5,fluA,0.84,-14562.41918
5,fluA,0.87,-14606.54085
5,fluA,0.9,-14669.79478
5,fluA,0.93,-14754.76619
5,fluA,0.96,-14865.43163
5,fluA,0.99,-15007.5265
5,fluA,0.8,-14530.88415