HHS_region,pathogen2,psi,loglik
6,fluB,0.71,-4858.427704
6,fluB,0.74,-4858.436282
6,fluB,0.77,-4858.445138
6,fluB,0.8,-4858.454315
6,fluB,0.83,-4858.463839
6,fluB,0.86,-4858.473675
6,fluB,0.89,-4858.483813
6,fluB,0.92,-4858.55496
6,fluB,0.95,-4858.505006
6,fluB,0.98,-4858.516044