HHS_region,pathogen2,psi,loglik
6,fluA,0.01,-14035.51764
6,fluA,0.04,-14037.3248
6,fluA,0.07,-14039.12652
6,fluA,0.1,-14040.9225
6,fluA,0.13,-14042.71266
6,fluA,0.16,-14044.49691
6,fluA,0.19,-14046.27535
6,fluA,0.22,-14048.04781
6,fluA,0.25,-14049.81416
6,fluA,0.28,-14051.57432
6,fluA,0.3,-14052.74427
6,fluA,0.4,-14058.55138
6,fluA,0.5,-14064.2836
6,fluA,0.6,-14069.93091
6,fluA,0.7,-14075.40891