HHS_region,pathogen2,psi,loglik
7,fluB,0.71,-2272.154866
7,fluB,0.74,-2272.142831
7,fluB,0.77,-2256.585652
7,fluB,0.8,-2255.335245
7,fluB,0.83,-2255.93604
7,fluB,0.86,-2272.095335
7,fluB,0.89,-2255.382
7,fluB,0.92,-2272.071956
7,fluB,0.95,-2256.033911
7,fluB,0.98,-2272.048841