HHS_region,pathogen2,psi,loglik
1,fluA,0.01,-3466.847771
1,fluA,0.04,-3470.881113
1,fluA,0.07,-3468.629202
1,fluA,0.1,-3474.495274
1,fluA,0.13,-3490.204245
1,fluA,0.16,-3493.985621
1,fluA,0.19,-3499.870065
1,fluA,0.22,-3505.796822
1,fluA,0.25,-3511.765298
1,fluA,0.28,-3517.774973
1,fluA,0.3,-3521.804051
1,fluA,0.4,-3542.215186
1,fluA,0.5,-3563.055655
1,fluA,0.6,-3584.307672