HHS_region,pathogen2,psi,loglik
9,fluB,0.71,-6487.433608
9,fluB,0.74,-6485.332395
9,fluB,0.77,-6499.102589
9,fluB,0.8,-6488.759113
9,fluB,0.83,-6483.656861
9,fluB,0.86,-6498.304825
9,fluB,0.92,-6484.058647
9,fluB,0.95,-6489.870636
9,fluB,0.98,-6496.191683