HHS_region,pathogen2,chi,loglik
10,fluA,0.371578751,-5082.066998
10,fluA,0.401578751,-5067.150086
10,fluA,0.431578751,-5056.110316
10,fluA,0.461578751,-5048.886921
10,fluA,0.491578751,-5046.441793
10,fluA,0.521578751,-5048.139709
10,fluA,0.551578751,-5055.247411
10,fluA,0.581578751,-5066.593043
10,fluA,0.6,-5076.712176
10,fluA,0.611578751,-5085.005871
10,fluA,0.7,-5161.376195
10,fluA,0.8,-5255.913329
10,fluA,0.9,-5303.229026
10,fluA,1,-5353.229026