HHS_region,pathogen2,chi,loglik
7,fluA,0.45,-4159.999884
7,fluA,0.47,-4158.168658
7,fluA,0.517,-4097.472
7,fluA,0.54,-4098.611
7,fluA,0.57,-4106.610671
7,fluA,0.6,-4111.654383
7,fluA,0.63,-4137.488616
7,fluA,0.66,-4147.76214
7,fluA,0.7,-4161.865595
7,fluA,0.72,-4175.77781
7,fluA,0.75,-4198.936578