HHS_region,pathogen2,psi,loglik
5,fluA,0.01,-17434.61251
5,fluA,0.04,-17437.36321
5,fluA,0.07,-17440.10546
5,fluA,0.1,-17442.83957
5,fluA,0.13,-17445.56521
5,fluA,0.16,-17448.28284
5,fluA,0.19,-17450.99183
5,fluA,0.22,-17453.69385
5,fluA,0.25,-17456.38726
5,fluA,0.28,-17461.88787
5,fluA,0.3,-17460.8565
5,fluA,0.4,-17469.7259
5,fluA,0.5,-17478.49613
5,fluA,0.6,-17487.15986
5,fluA,0.7,-17495.70142