HHS_region,pathogen2,chi,loglik
1,fluA,0.408806192,-3518.300924
1,fluA,0.438806192,-3494.708519
1,fluA,0.468806192,-3479.180852
1,fluA,0.498806192,-3469.049638
1,fluA,0.528806192,-3464.029222
1,fluA,0.558806192,-3463.823877
1,fluA,0.588806192,-3468.154016
1,fluA,0.618806192,-3476.77656
1,fluA,0.648806192,-3489.499033
1,fluA,0.678806192,-3506.189968
1,fluA,0.7,-3520.34
1,fluA,0.8,-3613.88
1,fluA,0.9,-3757.51
1,fluA,1,-3966.74