"HHS_region","pathogen2","psi","loglik"
4,"fluA",0.481631211159911,-11585.5266293637
4,"fluA",0.511631211159911,-11585.3600632967
4,"fluA",0.541631211159911,-11585.2654489423
4,"fluA",0.571631211159911,-11585.2420365785
4,"fluA",0.601631211159911,-11585.2890125836
4,"fluA",0.631631211159911,-11585.4056454183
4,"fluA",0.661631211159911,-11585.5910662395
4,"fluA",0.691631211159911,-11585.8445067198
